Population	Count	Mean GDR	Min GDR	Max GDR
Super	25	0.7257159187618235	0.23770423899299464	1.0904179305618549
Sub	130	0.7678932140308508	0.1725718144558304	1.1718305094997958
